Финский коннектор;Параметры;Финский контекст;Русский коннектор;Параметры;Русский контекст
kun;subord, -, повествовательное;Enkä kun rautatietä on sitä siinäkin katsottavata;а;subord, -, повествовательное;- А вот и нет, просто на железную дорогу пойду посмотреть.
kun;subord, -, повествовательное;Kun olisi kerran käydä kuulemassa sitä Lapinlahden parempilahjaista pappia;Zero;-;- Может, сходить разок послушать этого речистого лапинлахтинского пастора.
kun;subord, -, повествовательное;Ei tuo hyvin tahdokaan kun sai lasit että näkee kirjaa itsekin katsella;и;subord, -, повествовательное;- Не очень и хочет с тех пор, как получила очки и может теперь сама писание почитывать.
kun;subord, -, повествовательное;tässähän tämä menee kun on mennyt tähänkin asti;коли;subord, -, повествовательное;Уж коли столько прошли, так и остаток пройдем.
kun;subord, -, повествовательное;No ka kun niillä on ne rautatiet ja kaikki;как;subord, -, повествовательное;- Ну как же, у них ведь железная дорога есть, и всякое такое.
kun;subord, -, повествовательное;Liisa oli mennyt inspehtorin kyökkiin ruvetakseen nyytistään syömään kun päivä paahtoi muualla niin että tahtoi voi käsiin sulaa;и;subord, -, повествовательное;Лийса проголодалась и пошла со своим узелком на кухню к инспектору, чтобы там подкрепиться, - на улице солнце так пекло, что масло таяло в руках.
kun;subord, -, повествовательное;Ka kun ei tullut sanotuksi että palavakkanen on aitan ylähyllyllä;ведь;subord, -, повествовательное;Вот ведь забыла сказать, что корзина с кусками стоит в амбаре на верхней полке.
kun;subord, -, повествовательное;Vasta sitten kun Matti oli syönyt rupesi Liisa syömään ei puhunut mitään eikä pannut voita leivälleen;как;subord, -, повествовательное;Только после того как он поест, Лийса принималась за еду, но ела молча и хлеб маслом не намазывала.
kun;subord, -, повествовательное;Hupsu sitä on kun lähtee kaikkien kummituksien tähden tämmöisiä taipalia kulkemaan;и;subord, -, повествовательное;- Только сдуру и пускаться в такую дорогу на всякие чудеса глазеть.
kun;subord, -, повествовательное;Ihan oli hengästyksissään Matti kun miesten kohdalle tuli;Zero;-;Поравнявшись с мужиками, Матти совсем запыхался.
kun;subord, -, повествовательное;Herra jumala kunhan ei hajoaisi;Zero;-;Господи боже, только бы он не рассыпался
kun;subord, -, повествовательное;Liisa vähän rauhoittui kun oli muitakin;Zero;-;Это немного успокоило Лийсу.
kun;subord, -, повествовательное;Kun katasti sakastin perään niin sieltä täyttä laukkaa ajaa rovastin vaunut;и;subord, -, повествовательное;Взглянул он на ризницу и видит, как во весь опор мчится оттуда пасторская карета.
kun;subord, -, повествовательное;Vitsapahan oli katkennut reslan laidasta kun nurkkaan ajoi;когда;subord, -, повествовательное;Вон какой кусок от саней отколол, когда в угол-то врезался
kun;subord, -, повествовательное;Onko se sitten paljon tuolla puolen kirkon piti Liisan kysyä kun eivät muut mitään virkkaneet;что;subord, -, повествовательное;- Она что, далеко от церкви? - поневоле пришлось спросить Лийсе, поскольку другие молчали.
kun;subord, -, повествовательное;Kun olisi seisonut suomeksi niin olisi ollut soma tietää mitä ne ovat seiniinsä kirjoitelleet;чтоб;subord, -, повествовательное;- Нет, чтоб по-фински написали! Как бы хорошо узнать, что они на своих стенах пишут.
kun;subord, -, повествовательное;lähdettiin ka nuori herrahan se on en ollut tunteakaan kun on niin isoksi kasvanut terve;ведь;subord, -, повествовательное;Пошли вот ... Ох, да ведь это молодой барин, а я и не узнала, так вырос ... Здравствуйте
kun;subord, -, повествовательное;Ei vielä tiennyt oliko mitään käynyt kun olivat raudat toisella puolen pieleksen;но;начальная, subord, повествовательное;Но попался ли кто - неизвестно, капкан на той стороне ...
kun;subord, -, повествовательное;Näinhän minä tuon omilla silmilläni kun kantoi selässään niinkuin ei mitään;хоть;subord, -, повествовательное;- Да я собственными глазами видел - несет себе, хоть бы что.
kun;subord, -, повествовательное;Hupsuja olette tekin kun menette;и;начальная, subord, -, повествовательное;И вы, дураки, что идете
kun;subord, -, повествовательное;Eikö ajeta vielä yhtä väliä kun ollaan kerta liikkeellä onhan tässä päivää;а;subord, -, повествовательное;- А проедем еще один перегон, раз уж пустились в путь. День-то длинный
kun;subord, -, повествовательное;Sitä on miestä kun nukkuu rekeensä niin ettei tiedä tästä maailmasta;как;subord, -, повествовательное;Хорош мужик, как в сани, так и спит без задних ног
kun;subord, -, повествовательное;Me kun lähdimme aamiaisilta niin oltiin puolen päivän aikana rautatiellä;а;subord, -, повествовательное;Мы отправились после завтрака, а в полдень были уже у железной дороги ...
kun;subord, -, повествовательное;Näkihän sen kaikista merkeistä kun oli langatkin katkaissut;видно;subord, -, повествовательное;По всему видно - он и веревку порвал.
kun;subord, -, повествовательное;Kun Matti oli mennyt keinutti rovasti taas tuolinsa niin että näki ikkunasta pihalle;когда;начальная, subord, -, повествовательное;Когда Матти вышел, пастор снова повернул качалку так, чтобы видеть в окно двор.
kun;subord, -, повествовательное;Kun pitää vanhan ihmisen kävellä talvipakkasessa;Zero;-;Старого человека в такой мороз пешком гоняют
kun;subord, -, повествовательное;Ka kun rykii;ведь;subord, -, повествовательное;Вот ведь раскашлялся.
kun;subord, -, повествовательное;Kun et usko niin puske mutta minä menen itse ihan kohta sitä katsomaan;а;subord, -, повествовательное;Не веришь - не надо, а я скоро пойду ее поглядеть.
kun;subord, -, повествовательное;Kumma kun ei jo ensimmäinen jänis ollut sitä katkaissut;и;начальная, subord, -, повествовательное;И как только первый заяц ее не порвал?..
kun;subord, -, повествовательное;Kun näkivät Liisan lähenevän huusi Matti hänet luokseen;что;subord, -, повествовательное;Увидев, что Лийса подходит, Матти подозвал ее к себе:
kun;subord, -, повествовательное;Pitihän lähteä kerran liikkeelle kun ovat jo kaikki muut ennen käyneet eikä ne kylissä muusta puhukaan;и;subord, -, повествовательное;Пришлось и мне в путь пуститься - все уже сходили, в каждой деревне ни о чем другом и разговора нет.
kun;subord, -, повествовательное;Kun olisi vastaanottomiestä ajaisi suoraan makasiinin eteen niin sitten saisi riisua tamman syömään;если;subord, -, повествовательное;- Если есть кому принять, прямо бы к амбару подъехать - тогда и кобылу можно распрячь да покормить.
kun;subord, -, повествовательное;Vaan kun minä sitten kävin niin ruustinna käski panna hevosen talliin ja tehdä appeen talon värkeistä;зато;начальная, subord, -, повествовательное;Зато когда я ездила, так пасторша велела поставить лошадь в конюшню и накормить ее из пасторских запасов.
kun;subord, -, повествовательное;Kun harakka huomaa että mies poistuu kyökkiin päin kopistelee jalkojaan ja aikoo astua sisään muuttautuu hän portin pielessä kasvavan koivun latvaan ja katselee pää kallellaan oksien lomasta alas;когда;начальная, subord, -, повествовательное;Когда сорока замечает, что приезжий направился к кухне и, потопав ногами, намеревается туда войти, она перебирается на верхушку стоящей у ворот березы и, склонив голову набок, глядит сквозь ветки вниз.
kun;subord, -, повествовательное;Tule pois Matti näetkö kun kaikki muut jo laittauvat;Zero;-;Идем, Матти, видишь, все уже собираются
kun;subord, -, повествовательное;Elähän nyt Liisa kuulehan kun minä selitän;Zero;-;- Не сердись, Лийса, ты только послушай, я тебе все объясню.
kun;вопросительное, subord, -;Eiköhän sitä höyrylle enää vettä riitä kun jo maalle kapuaa;что;вопросительное, subord, -;Неужто этому пару в воде места мало, что он уже на землю стал карабкаться?
kun;subord, -, повествовательное;Käydään häntä nyt katsomassa kun kerran sitä varten on tullut lähdetyksi;Zero;-;- Да уж сходим, посмотрим, раз в путь пустились.
kun;subord, -, повествовательное;Katso katso kun kello käydä nappaisee seinällä;как;subord, -, повествовательное;- Гляди, гляди, как часы ходят на стене!..
kun;вопросительное, subord, -;Mitä se nyt ajattelee kun ei lähetettykään;что;начальная, subord, вопросительное;Что она теперь подумала, раз не прислала новой?
kun;subord, -, повествовательное;Kun kerran tehdään raudasta tie;а;начальная, subord, -, повествовательное;А когда делают дорогу из железа ...
kun;subord, -, повествовательное;Kun olisi otettu hevonen olisihan se joutanut;Zero;-;Поехали бы на лошади - лучше было бы.
kun;subord, -, повествовательное;Mitäs sitä täällä kun se on siellä se rautatie;что;subord, -, повествовательное;- На что же он здесь, когда железная дорога там.
kun;subord, -, повествовательное;Kun ei Matti mitään vastannut niin Liisa löi vielä;так;начальная, subord, -, повествовательное;Так как Матти не ответил, Лийса подбавила еще.
kun;subord, -, повествовательное;Ihan päätä pyörrytti kun sinne katseli;Zero;-;Просто голова кружится на нее смотреть.
kun;subord, -, повествовательное;Siipien sijasta pitää vain olla pyörät kun se kulkee maalla;что;subord, -, повествовательное;Только вместо лопастей у него колеса, потому что он бежит по земле.
kun;subord, -, повествовательное;Kun ei kerran ollut pieleksen luona niin ei muuallakaan se oli varma merkki;значит;subord, -, повествовательное;Раз пусто у скирды, значит везде пусто - это же верная примета.
kun;subord, -, повествовательное;Elä voivottele Liisa elä voivottele kun sinua ruunun ori vetää hevonen hevonen hevonen;когда;subord, -, повествовательное;- Не ойкай, Лийса, не ойкай, когда тебя казенный рьщак везет. Но, лошадка! Но, лошадка! Но, лошадка
kun;subord, -, повествовательное;Kun lähtee yhtenä aamuna ajamaan niin on jo toisena Helsingissä;если;subord, -, повествовательное;- Если выехать с утра, то на следующее утро можно быть уже в Хельсинки.
kun;subord, -, повествовательное;Kyllä ne toki aina kun minä vain käyn;когда;начальная, subord, повествовательное;Когда я приезжаю, они всегда ...
kun;subord, -, повествовательное;Oli jo tupaan menemäisillään kun raapaisi korvallistaan ja meni sen nurkan juureen johon oli rekensä ajanut;но;subord, -, повествовательное;Он направился было к избе, но вдруг почесал за ухом и пошел к тому углу, на который наехали сани.
kun;subord, -, повествовательное;Mahtaisiko tuota ennättääkään kun oli aikomus joutua huomiseksi tänne kirkkoon;и;subord, -, повествовательное;Да и не обернуться, пожалуй, мы ведь хотели завтра сюда к службе поспеть.
kun;subord, -, повествовательное;Se nyt vasta oli semmoinen ei olisi odottanut ket'ikään ihmistä kun vain itsellään oli kiire;если;subord, -, повествовательное;Этот такой, никого ждать не станет, если ему что приспичит.
kun;subord, -, повествовательное;Olihan Liisallekin silloin käynyt kun ei ollut Matti kotona;ведь;subord, -, повествовательное;Лийсе-то ведь тогда посчастливилось, когда Матти дома не было.
kun;subord, -, повествовательное;Mitähän ruustinna nyt ajattelee kun oli vielä niin tingalle tahtonut;что;начальная, subord, -, повествовательное;Что теперь пасторша подумала, она ведь еще поторопиться наказывала.
kun;subord, -, повествовательное;Jopa nyt kun tulin navetasta lypsyltä juuri;что;subord, -, повествовательное;Да я только что из хлева вернулась, корову доила.
kun;subord, -, повествовательное;Kun me seistiin siinä sen huoneen edessä jonka eteen ne sen ajaa ja alettiin odottaa;когда;начальная, subord, -, повествовательное;Когда мы стояли перед тем домом, к которому они ее пригоняют ... и ждали ее ...
kun;subord, -, повествовательное;Kyllä se oli totta puhuen siitä pitäen kun se Liisa mielistyi minuun vaikka ei se sitä ole kuulevinaankaan kun sille sitä sanoo;и;subord, -, повествовательное;- Сказать по правде, с тех пор Лийса в меня и влюбилась, хотя сейчас слышать об этом не хочет, если ей напомнишь.
kun;subord, -, повествовательное;Katsokaapahan kun satutte näkemään eikö ole;как;subord, -, повествовательное;Вот как встретите, нарочно поглядите.
kun;subord, -, повествовательное;Nyt ne mitattiin jyvät kaksitoista kappaa sen verran sitä pienestä mökistä sanoi Matti kun oli tullut sisään ja istuutunut oven suuhun sille arkulle jossa kirkonkirjoja kinkereille kuletettiin;и;subord, -, повествовательное;- Ну, зерно отмерили ... двенадцать мер ... только и всего, от нашей избенки, - сказал Матти, войдя в дом и садясь на ящик, в котором носили церковные книги при проверке грамотности.
kun;subord, -, повествовательное;Ei ollut päivänpaistetta Matinkaan mielessä kun hän heräsi ja katseli ympärilleen eikä tuntenut seutuja;когда;subord, -, повествовательное;У Матти на душе тоже было невесело, когда он, про-снувшись, огляделся и не узнал местности.
kun;subord, -, повествовательное;Hullu kai se on joka alle menee kun kerran saattaa muuallakin kulkea;как;subord, -, повествовательное;- Не иначе, как сумасшедший тот, кто под нее попадет, мог бы и по другой дороге ходить.
kun;subord, -, повествовательное;Missäpä tuo olisi ennättänytkään kun tänä aamuna lähti;Zero;-;Где бы ему успеть, только нынче утром из дому выехал.
kun;subord, -, повествовательное;Hyi kun jo säikähdin;и;subord, -, повествовательное;- Ох, и испугалась же я
kun;subord, -, повествовательное;Kun edes tuulisikaan vähäisen;хоть;начальная, subord, повествовательное;Хоть бы ветерок подул
kun;subord, -, повествовательное;Etkö muista kun istuit vielä pirtin penkillä ja hakkasit tupakkia ja silloin sanoit että;и;subord, -, повествовательное;Помнишь, ты еще на лавке сидел и крошил табак. Ты тогда сказал, что ...
kun;subord, -, повествовательное;Ei ole istuttu sitten kun mökistä lähdettiin;ведь;subord, -, повествовательное;С самой ночевки ведь ни разу не присели.
kun;subord, -, повествовательное;Kun oli kuin syömäkello;как;subord, -, повествовательное;Совсем как обеденный.
kun;subord, -, повествовательное;Kenenkähän nuo on lehmiä kysyi Matti kun näki lehmiä tiepuolessa;Zero;-;- Чьи же это коровы? - спросил Матти, увидев коров на обочине.
kun;subord, -, повествовательное;Kun olet koko yön siinä ähkinyt ja sinne tänne heitelläinyt;и;subord, -, повествовательное;Всю ночь кряхтишь и крутишься с боку на бок.
kun;subord, -, повествовательное;Kuuluvat sen niille sinne tehneen kun olivat ruunulta pyytäneet etteivät tarvitsisi hevosella ajaa mihinkään aikaan ei kesällä eikä talvella;и;subord, -, повествовательное;Они казну попросили, она им и сделала, чтобы ни летом, ни зимой на лошадях не ездить.
kun;subord, -, повествовательное;Ei olisi näet suvainnut Matti Liisan häntä seurailevan kun hän itse miesten mukana kulki;чтобы;subord, -, повествовательное;Матти, видите ли, не хотелось, чтобы Лийса ходила за ним, когда он в мужской компании.
kun;subord, -, повествовательное;Kun ei olisi lähdetty koko matkalle;и;subord, -, повествовательное;- Лучше бы и вовсе не ходили
kun;subord, -, повествовательное;Kun olisi sen naurun ennen merkiksi arvannut niin ei olisi tätäkään tullut;так;subord, -, повествовательное;"- Знать бы раньше, к чему ее смех, так не случилось бы всего этого ..."""
kun;subord, -, повествовательное;Kuuleshan Matti en ole muistanut kertoa mitä ruustinna minulle kertoi kun silloin talvella siellä kävin;ведь;subord, -, повествовательное;- Послушай-ка, Матти, я ведь тебе забыла рассказать, что мне пасторша говорила, когда я зимой туда ездила.
kun;subord, -, повествовательное;Saattoihan siitä jalkamieskin kävellä kun oli yhtä tasaista kuin silta;ведь;subord, -, повествовательное;Тут ведь и человек пройти может - дорога-то ровная, словно пол.
kun;subord, -, повествовательное;On se riski mies tuo Matti kun yhdellä kädellä nostaa täyden vesikapan sanoi Ville;а;subord, -, повествовательное;- А Матти - крепкий мужчина, одной рукой полный черпак поднимает, - сказал Вилле.
kun;subord, -, повествовательное;Sama kai se Liisasta oli kulkipa tuota sitten mistä tahansa kunhan häntä kulki;равно;subord, -, повествовательное;Лийсе было все равно, где бы ни идти, лишь бы идти.
kun;subord, -, повествовательное;Kummapa se oli kun ei siitä ennen ollut kuullut;как;subord, -, повествовательное;Удивительно, как это он раньше ничего о ней не слышал.
kun;subord, -, повествовательное;Matti hiihti juuri saunan peräitse pihaan kun Liisa käänsi hevosensa pirtin nurkan taitse;как;subord, -, повествовательное;Матти как раз въезжал из-за бани во двор, когда Лийса на лошади вынырнула из-за угла избы.
kun;subord, -, повествовательное;Matti oli jo lauteilla kun Liisa tuli;когда;subord, -, повествовательное;Матти сидел уже на полке, когда пришла Лийса.
kun;subord, -, повествовательное;Mikä sinulla on Matti kun et sinä nuku murahti Liisa unisena ja veti peitettä puoleensa;что;subord, -, повествовательное;- Что это с тобой, Матти, чего ты не спишь? - пробормотала Лийса, сонная, и потянула к себе одеяло.
kun;subord, -, повествовательное;Ka kun en tullut sitä kysyneeksi;Zero;-;- Вот об этом я не спросила.
kun;subord, -, повествовательное;Herra isä kun päälle ajaa huusi naisihmisen ääni hevosen edestä;Zero;-;- Господи спаси, сейчас задавит! - взвизгнул женский голос перед самой лошадиной мордой.
kun;subord, -, повествовательное;Siihen oli Liisa taas vastaan huutanut Kun nyytti jäi kehruusnyytti se on perälasin alla penkillä ptruu;и;начальная, subord, повествовательное;"И Лийса крикнула ему в ответ:""  Узелок остался с пряжей ... Он на скамье у заднего окна ... тпруу!"" ."
kun;subord, -, повествовательное;Päivä oli jo puolessa kun olivat kotoa lähteneet eivät olleet ennen selvinneet lähtemään;когда;начальная, subord, повествовательное;Когда они выходили из дому, было уже за полдень, раньше никак не могли собраться.
kun;subord, -, повествовательное;kun ei se lähtenyt paikaltaan;Zero;-;Не мог с места встать.
kun;subord, -, повествовательное;Ei toki hyvä ruustinna kunhan leivässä pysyy;что;subord, -, повествовательное;Нет, дорогая пасторша, хорошо, что хлеба хватает.
kun;subord, -, повествовательное;Sen ettei ne masinat vain auta kun oikein tiukka tulee;что;subord, -, повествовательное;- Что в трудном-то деле машины эти ни к чему.
kun;subord, -, повествовательное;Katso kun sehän on koreampi kuin pappilan;Zero;-;Гляди-ка, да он лучше пасторского
kun;subord, -, повествовательное;Kuuluuhan kulku vaikka milloin kun menee ikkunan alle kuuntelemaan naputusta kuuluu;как;subord, -, повествовательное;Можно даже послушать, как оно идет, если подойти к окну. Слышно постукиванье ...
kun;subord, -, повествовательное;Jo hän oli sitä kauan ajatellut jo aivan omasta pihasta lähdettyä kun Matti rupesi jättämään ja sitten pitkin matkaa kuumassa helteessä ja kun piti kirkon sivu mennä;как;subord, -, повествовательное;- Она уже давно об этом думала, с тех самых пор, как они вышли со своего двора и Матти ушел, не дожидаясь ее ... И потом всю дорогу под палящим солнцем ... И когда мимо церкви прошли ...
kun;subord, -, повествовательное;Ei vielä vaan kun kesä tulee niin sitten mennään eikä siinä auta mikään;а;subord, -, повествовательное;- Нет еще ... А как лето начнется, так и отправимся, тут уж ничего не поделаешь.
kun;subord, -, повествовательное;Saatanhan minä mennä kun vain annat hevosen;и;subord, -, повествовательное;Я и сама съезжу, только лошадь дай.
kun;вопросительное, subord, -;Enkä luullut sitä nyt ei tänne kuuna päivänä huolittaisi eikö lie valehdellut kun sanoi tulevansa tokko lie tullutkaan;и;вопросительное, subord, -;- Ничего я не подумал. Небось здесь и без него обойдутся. Просто соврал, должно быть, что сюда поступит. Наверно, и не поступил?
kun;subord, -, повествовательное;Ka kun on kukkia ikkuna täynnä;Zero;-;Ох, все окно полно цветов
kun;subord, -, повествовательное;Ei tammakaan ollut kiireissään kun käveli pihan yli ja käveli vielä törmästäkin jäälle laskeutuessaan;и;subord, -, повествовательное;Кобыла тоже не спешила, она шагом миновала двор и даже с пригорка на лед тоже спустилась шагом.
kun;subord, -, повествовательное;Vaan kun ovat vähän matkan päässä portista niin toinen puoli portista menee kiinni ja vaunut kolahtavat porttiin ja kuski lentää nokalleen maahan;и;начальная, subord, -, повествовательное;И когда они подлетают к самым воротам, одна половинка ворот захлопывается, карета врезается в нее и кучер летит на землю вниз лицом.
kun;subord, -, повествовательное;Sittenpähän sen varmaan tietää kun kysyy;Zero;-;Лучше спросить, будем тогда точно знать.
kun;subord, -, повествовательное;Ei se paljoa maksa selitti Ville kun markan maksatte niin saatte ajaa jo hyvän aikaa tästä toiselle asemalle;если;subord, -, повествовательное;- Недорого, - сказал Вилле, - если заплатите мар-ку, можете доехать до другой станции - довольно далеко отсюда. - Да, вот видишь.
kun;subord, -, повествовательное;Aikako siinä nääntyä kun jättää;когда;subord, -, повествовательное;- Когда ж тут помереть, коли ты совсем не ждешь.
kun;subord, -, повествовательное;Käy saunaan sanoi Liisa Matille kun viimeistä kertaa laski maitoa siivilän läpi pyttyyn;Zero;-;- Иди в баню, - сказала она Матти, процедив молоко в последний раз.
kun;subord, -, повествовательное;Kun mennä pyhänäkin ajoi kirkon sivuitse kolmen talon väkeä meidän kylältä sinne rautatietä katsomaan;Zero;-;В прошлое воскресенье три семьи из нашей деревни мимо церкви проехали - смотреть железную дорогу.
kun;subord, -, повествовательное;Ei Matin enää tehnyt mieli mitään puhua kun kuuli että oli jänis ihan suoraan käynyt kesälliseen lankaan;когда;subord, -, повествовательное;У Матти пропала всякая охота разговаривать, когда он услышал, что заяц попался просто в прошлогоднюю петлю.
kun;subord, -, повествовательное;Kun kulkee tietä myöten joka sinne vie on toisella puolen sakeata metsää toisella korkea harju;Zero;-;По одну сторону дороги, ведущей к ней, растет густой лес, по другую - возвышается гора.
kun;subord, -, повествовательное;Kunhan eivät maailmanlopun edellä viisastuisi liian paljon;Zero;-;Не перед концом ли света люди такими умными стали.
kun;вопросительное, subord, -;Liekö totta kun puhuvat että ne siellä talvellakin ajavat pyörien päällä;а;вопросительное, subord, -;- А правда ли, что они там и зимой на колесах ездят?
kun;subord, -, повествовательное;Sinne ei pääse rautatiellä kun on meri välissä;Zero;-;- Туда по железной дороге не добраться, море посередине.
kun;subord, -, повествовательное;Tuleppas hyvä mies auttamaan kun olen vaipunut tänne rekeen niin syvälle etten ptruu;так;subord, -, повествовательное;Да иди же ты помоги, я так глубоко завалилась в эти сани, что ... тпруу!..
kun;subord, -, повествовательное;Ehkä tuolta vielä kirkkoonkin ennättäisi kun oikein koettaisi olla sukkelana;и;subord, -, повествовательное;Авось еще и в церковь можно будет поспеть, если очень поторопиться.
kun;subord, -, повествовательное;Se raukka kun ei moneen vuoteen niin mitäs se sietäisi rukoili Liisa konduktööriä;сколько;subord, -, повествовательное;Он уж сколько лет не пил, вот и отвык, - молила Лийса кондуктора.
kun;subord, -, повествовательное;Kun näet rovastin vaunujen sakastin peräitse ajavan niin näytä silloin punaista lakua;когда;начальная, subord, -, повествовательное;Когда увидишь, что пасторова карета выехала из-за ризницы, покажи красный флажок.
kun;subord, -, повествовательное;Hyvä kunhan saadaan nähdäkään vanhat ihmiset;и;subord, -, повествовательное;Нам, старикам, и поглядеть хватит
kun;subord, -, повествовательное;Ka niin kummako se oli kun oli tuossa lunta polulle karissut;и;subord, -, повествовательное;Да и что тут удивительного, когда снег засыпал тропинку.
kun;вопросительное, subord, -;Niin kun rautatien masiina tulee tähän kohta kai se tulee niin lyöttäytään yhteen kyytiin ja ajetaan vähän matkaa olisihan tuolla soma kerran eläissään ajaa tuollakin vai mitä;когда;вопросительное, subord, -;- Да, когда железнодорожная машина сюда подойдет - скоро уж, наверно, - так давай-ка сядем заодно и проедемся немножко. Хорошо небось раз в жизни про-катиться - ты как думаешь?
kun;subord, -, повествовательное;Vielä se on riski mies tuo Matti sanoi pehtori kun tuli Matin kanssa makasiinista ja Matti heitti melkein tyhjän säkkinsä rekeen;когда;subord, -, повествовательное;- Матти еще сильный мужчина, - сказал управляющий, когда они вышли из амбара и Матти кинул в сани почти пустой мешок.
kun;subord, -, повествовательное;Kun olisi lähtenyt siinä kohti pois niihin ensin oli määrä mennä niin ei olisi sekään raha mennyt hukkaan;Zero;-;Выйти бы там, где полагалось, не пропали бы эти денежки.
kun;subord, -, повествовательное;Pehtori puheli siksi näin kun tiesi että se puhe oli Matista mieleen;так;subord, -, повествовательное;Управляющий нарочно так говорил, он знал, что Матти эта речь по душе.
kun;вопросительное, subord, -;Mistä se sitten kuteita saa kun on kuteet täällä;когда;вопросительное, subord, -;Где же ей шерсти взять, когда пряжа здесь?
kun;вопросительное, subord, -;Kunhan ette vain menne rautatietä katsomaan;Zero;-;- Не железную ли дорогу вы идете смотреть?
kun;subord, -, повествовательное;Voi tokkiisa kun tämä nyt tuntuu kummalta;Zero;-;Подумать только - до чего чудно
kun;subord, -, повествовательное;Kovasti se vaan meni kun ei parhaat juoksijat rinnalla pysyneet;видно;subord, -, повествовательное;Шибко она, видно, шла, если даже лучшие рысаки от нее отстали.
kun;subord, -, повествовательное;Se eroaa tästä kun vähän matkaa menette ja laskeutte mäen alle ja nousette toisen mäen päälle niin sen mäen päältä se eroaa;как;subord, -, повествовательное;- Вот как спуститесь с горы, подыметесь на другую - оттуда она и отходит.
kun;subord, -, повествовательное;Hyvä kunhan leivässä pysyy;что;subord, -, повествовательное;Хорошо, что хлеба хватает.
kun;subord, -, повествовательное;Kun olivat aamusilla lähteneet niin olivat puolen päivän aikaan olleet perillä;как;subord, -, повествовательное;- Как утром отправились, так к обеду были на месте.
kun;subord, -, повествовательное;Alahan mennä kyllä minä tulen huusi Liisa Matille kun Matti seisoi kartanolla ja odotti;Zero;-;- Ты иди, я догоню! - крикнула Лийса дожидавшемуся во дворе Матти.
kun;subord, -, повествовательное;Pesäkö hänellä lie ollut kun sitä ilvettään piti sanoi Liisa;что;subord, -, повествовательное;- Гнездо у нее, что ли, там было, что она так хохотала? - сказала Лийса.
kun;subord, -, повествовательное;Voi hyvänen aika kun tuonne lähdettiinkään;и;subord, -, повествовательное;- Боже милостивый, и зачем мы только поехали
kun;subord, -, повествовательное;Matti hoi kun on minun kehruut vielä täällä reen pohjalla jotka olivat ruustinnalle vietävät;что;subord, -, повествовательное;- Эй, Матти! Моя пряжа-то все еще здесь - на дне саней, та, что пасторше надо было отвезти
kun;subord, -, повествовательное;Kun ei Matti käytä Liisaa kirkossa kuin moniaan kerran talvessa sanoi ruustinna;а;начальная, subord, -, повествовательное;А то, бывает, за целую зиму только раз она здесь и покажется, - сказала пасторша.
kun;subord, -, повествовательное;kumma kun jo raskit lähteä kun et jäänyt vieläkin kuuntelemaan;как;начальная, subord, -, повествовательное;Как это ты все-таки решилась уехать ... Осталась бы еще послушать.
kun;subord, -, повествовательное;Siitä pitäenpä se oli kun Liisa ajatteli Matista että tuo se nyt on se minun;и;subord, -, повествовательное;- С тех пор Лийса и стала подумывать о Матти - вот он, мол, мой суженый
kun;subord, -, повествовательное;Etkö sinä ymmärrä kun sinulle harakatkin nauraa;что;subord, -, повествовательное;- Ты что, не видишь - сороки, и те над тобой смеются
kun;subord, -, повествовательное;Totta kai niillä kiire kun minä ne kerran laitoin;коли;subord, -, повествовательное;- Да, уж наверно, к спеху, коли я посылала.
kun;subord, -, повествовательное;Kun eivät itsestään arvanne niin ajattelin minä;так;subord, -, повествовательное;Раз сами не догадались, так и пусть, думаю.
kun;subord, -, повествовательное;Ka enhän minä sille mitään tainnut kun vei;что;subord, -, повествовательное;- Что же мне было делать, она сама ...
kun;subord, -, повествовательное;Matti oli aika lailla hajamielinen kun hevostaan valjasti eikä muistanut panna suitsia hevosensa suuhun ennenkuin oli pihan yli ajanut ja vasta kyökin edessä erehdyksensä huomasi;когда;subord, -, повествовательное;Матти был порядком рассеян, когда запрягал лошадь, он даже забыл ее взнуздать и заметил эту оплошность только на другом конце двора перед кухней.
kun;subord, -, повествовательное;Kyllä oli hyvä mies tämä Ville kun neuvoi kaikkia ja näytteli mihinkähän olisivat joutuneet täällä vieraalla maalla ihan oudot jos eivät olisi Viileä tavanneet ei toki olisi tullut heidän elämästään ei kerrassa mitään ei toki kerrassa mitään;а;начальная, subord, -, повествовательное;А то бы тут, в чужих-то краях, не знал, куда и деться. Не встреть они Вилле, никакого бы толку тут не добились. Совсем никакого
kun;subord, -, повествовательное;Mahtaa kai sen mieli ruveta sinne tekemään kun kuulee;когда;subord, -, повествовательное;- Ей-то, наверно, захочется, когда узнает.
kun;subord, -, повествовательное;Matista oli aina mieleen kun häntä riskiksi mieheksi sanottiin;Zero;-;Матти всегда бывало приятно послушать про свою силу.
kun;subord, -, повествовательное;Ruustinnan tähden saattaisi antaa kun se kuitenkin mahtoi lankojaan odottaa;хоть;начальная, subord, повествовательное;Хоть ради пасторши - она небось ждет свою пряжу ...
kun;subord, -, повествовательное;Riski mies kun kantaa vielä selässään puolen tynnörin säkin;Zero;-;Матти еще совсем молодец, полный мешок зерна на спине снести может.
kun;subord, -, повествовательное;Nytpä uskoo kun on nähnyt maallakin kulkevan;а;subord, -, повествовательное;- А теперь верит, как увидала, что она и по земле-то бегает.
kun;subord, -, повествовательное;Kyllä kai kun kerran on vieraantunut;Zero;-;Отвыкнут от этого места ...
kun;subord, -, повествовательное;Kunhan edes selviäisi että pääsisi lähtemään;хоть;начальная, subord, -, повествовательное;Хоть бы протрезвился, чтоб можно было пойти ...
kun;вопросительное, subord, -;Kumma kun jyvänsä muisti maksaa;как;начальная, subord, вопросительное;Как это он еще про зерно свое вспомнил?
kun;subord, -, повествовательное;Pitää lähteä sanoi Matti kun olivat vähän aikaa seisoneet ja toisiaan katselleet;когда;subord, -, повествовательное;- Надо нам двигаться, - сказал Матти, когда они постояли немного и поглядели друг на друга.
kun;subord, -, повествовательное;Sitten loikkasi juoksuun kun rekikin alamäessä takaapäin kiirehti;тем;subord, -, повествовательное;Потом она пустилась вскачь, тем более что сани сами подталкивали ее на спуске.
kun;subord, -, повествовательное;Kun se on pahalla tuulella niin silloin se aina on tuommoinen;ведь;subord, -, повествовательное;Он ведь всегда такой, когда настроение у него плохое.
kun;вопросительное, subord, -;Mikä niille sitten sanomaan ettei ole käynytkään kun sitä kysyvät;как;начальная, subord, -, вопросительное;Как потом признаешься, что не ходил, когда спросят?
kun;subord, -, повествовательное;Silloin se tulee kun ei sitä ollenkaan muistakkaan;когда;subord, -, повествовательное;Он подойдет тогда, когда о нем и думать забудут.
kun;subord, -, повествовательное;Kun korpitie loppuu ja niitty aukeaa eteen niin tamma panee ravia minkä jaksaa;когда;начальная, subord, -, повествовательное;Когда лесная дорога кончилась и впереди показалось открытое поле, кобыла помчалась рысью.
kun;subord, -, повествовательное;Mikä liekään niin hauras kohta kuontaloon sattunut kun aina vähän päästä katkesi;то;subord, -, повествовательное;Такая непрочная кудель попалась, то и дело рвется.
kun;вопросительное, subord, -;Enhän minä huudakaan kun kysyin vain että sanotko rovastiakin valehtelijaksi;и;вопросительное, subord, -;- Да я и не кричу. Просто спросила - ты пастора тоже вруном называешь?
kun;вопросительное, subord, -;Vaan kun ruunu maksaa hyvän palkan;а;вопросительное, subord, -;- А если казна хорошие денежки платит?
kun;subord, -, повествовательное;Kun Liisa oli kenkänsä riisunut ja Matti taas konttinsa selkään sovittanut jatkoivat he matkaansa;и;subord, -, повествовательное;Лийса разулась, Матти закинул за спину котомку, и они опять пустились в путь.
kun;вопросительное, subord, -;Eiköhän tuota tuosta näkisi kun päänsä pistäisi ulos ja katsoisi mikä se siellä edellä tätä vetää;если;вопросительное, subord, -;Может, разглядишь, если высунешь голову, что за махина все это тащит?
kun;subord, -, повествовательное;Kun ei tullut tarkemmin perustelluksi mitenkä se kulkee ja mitenkä sillä ajetaan ja minkälainen se on;ведь;subord, -, повествовательное;Вот ведь досада, что не пришлось расспросить поточнее, как она двигается, как на ней ездят и какая она вообще.
kun;subord, -, повествовательное;Niin no lähdetään sitten lähdetään kun on kerran tänne asti tultu;Zero;-;- Ну ладно, поедем. Раз уж в такую даль притащи-лись - поедем ...
kun;subord, -, повествовательное;Vähän sykähteli Matin sydän kun hän koetti lähetä pielestä niin hiljaa kuin suinkin;когда;subord, -, повествовательное;Сердце у Матти колотилось, когда он, едва дыша, подкрадывался к скирде.
kun;subord, -, повествовательное;Pitää toki käydä kun on kerran liikkeelle lähtenyt;всё-таки;subord, -, повествовательное;Все-таки надо посмотреть, раз уж пустились в путь.
kun;subord, -, повествовательное;Pani häntä kuitenkin edes kengät jalkaansa kun oli kerran ruvennut panemaan;но;начальная, subord, -, повествовательное;Но ботинки она все-таки надела, раз уж начала обуваться.
kun;subord, -, повествовательное;Herkeät siinä luulemasta kunhan kuulet kuka sanoi ajatteli hän;как;subord, -, повествовательное;"Забудешь умничать, как услышишь, кто говорил"" , - подумал он."
kun;subord, -, повествовательное;Vaan nythän niitä on helppo hallita kun on matkat tasaiset;Zero;-;Тут-то их легко направлять, на ров ном-то месте.
kun;subord, -, повествовательное;Liisa oli juuri sanan saamaisillaan kun kuuli selkänsä takaa jonkun hiekassa sipsuttelevan;как;subord, -, повествовательное;Лийса уже чуть не сложила слово, как за спиной у нее послышались чьи-то шажки по песку.
kun;subord, -, повествовательное;Tiedänhän minä minkälainen se on kun rovasti on selittänyt;ведь;subord, -, повествовательное;Я ведь теперь знаю, какая она, пастор все объяснил.
kun;subord, -, повествовательное;Ruunuhan se semmoisia tottahan sen pitää mennä hyvää kyytiä kun ruunu panee oriinsa eteen;как;subord, -, повествовательное;- Чего только не выдумает эта казна! Как же ей не мчаться во весь опор, ежели казна в нее своих рысаков впрягает.
kun;subord, -, повествовательное;Koki itse muistella kun väännätteli kontti selässä astuen rataa myöten poikkipuulta poikkipuulle sanaakaan puhumatta;Zero;-;С котомкой за плечами, молча переступая со шпалы на шпалу, он старался вспомнить все сам.
kun;subord, -, повествовательное;Kun olisi jo ennen pitänyt viedä paljoa ennen ja nytkin vielä jäivät;и;subord, -, повествовательное;- И так уж давно надо было свезти давным-давно, а ты и теперь не отдал.
kun;subord, -, повествовательное;Ruustinna on sinua narrinaan pitänyt kun tietää että sinä uskot vaikka mitä;что;subord, -, повествовательное;-  - Пасторша просто тебя дурачила, она же знает, что ты чему хочешь поверишь.
kun;subord, -, повествовательное;Kun sai ajaneeksi aidan nurkkaukseen seisautti hevosensa ja kävi nojaamaan aitaa vasten pannakseen tupakan;и;subord, -, повествовательное;Доехав до межи, он остановил лошадь, прислонился к изгороди и закурил.
kun;subord, -, повествовательное;Kun oli tointunut katsomaan oli siinä pehtori joka sitä kielestä rämisti;Zero;-;Только придя в себя, она увидела управителя - это он бил в колокол.
kun;subord, -, повествовательное;Kun tuuli alkoi lappaa savua lakeistorven kautta pihalle lähti Matti lämmittelemään;когда;начальная, subord, повествовательное;Когда из трубы повалил дым, Матти отправился погреться.
kun;subord, -, повествовательное;Ilman se Liisa sen vain syyksi sanoi kun oli into kuulemaan rautatiestä jotain;чтобы;subord, -, повествовательное;Просто выдумала причину, чтобы про железную дорогу послушать.
kun;subord, -, повествовательное;Ei sitä tarvittu kun kaikilla työmiehillä oli oma kello lakkarissaan;и;subord, -, повествовательное;Да он и не нужен, у всех рабочих свои часы в кармане.
kun;вопросительное, subord, -;No nukuit kai äsken kun ajoit rekesi pirtin nurkkaan;как;вопросительное, subord, -;- Как же не спишь, когда на угол наехал?
kun;subord, -, повествовательное;Kun tietäisi milloinka ne sen tänne tuovat niin menisi katsomaan;когда;subord, -, повествовательное;Знать бы, когда сюда привезут, сходить бы поглядеть
kun;subord, -, повествовательное;Pääsisi sieltä samalla lailla takaisinkin kun odottaisi muutamia tuntia sanoi Ville;и;subord, -, повествовательное;- Можно и обратно так же, если подождать не-сколько часов, - сказал Вилле.
kun;subord, -, повествовательное;Huonosti loukutettuja liinoja nuo pappilan liinat kun niin pahasti pölisevät;так;subord, -, повествовательное;Плохо трепан этот пасторский лен, так в руках и разъезжается.
kun;subord, -, повествовательное;Kun päivä jo on aamiaisissa;Zero;-;Время-то уже завтракать.
